nom,age,email,ville
Thérèse Laroche,23,rousseloceane@live.com,Marseille
Agathe-Alix Faure,22,alfred43@de.fr,Nantes
Alexandrie Rousseau du Collet,18,vmoreno@mercier.fr,Marseille
Lorraine Lagarde,21,mgarcia@gmail.com,Bordeaux
Charles Jean,23,margaret87@tanguy.com,Nice
Anastasie Voisin,22,adriennemoreau@live.com,Nice
Antoinette du Huet,20,yphilippe@lebrun.com,Lyon
Christelle Bazin,20,marguerite04@ifrance.com,Nice
Nath Ollivier Le Boucher,24,kjoseph@yahoo.fr,Lyon
Maggie du Vincent,23,alphonsejoly@voila.fr,Nice
François-Raymond Lucas,22,helene56@bourgeois.fr,Marseille
Marcel Le Charpentier,22,aurelie66@dbmail.com,Bordeaux
Nicole Ramos,20,sabine51@cordier.com,Lyon
Matthieu Diallo,25,uallard@bouygtel.fr,Toulouse
Philippine-Michèle Barthelemy,21,xlemoine@poulain.net,Marseille
William Chauvin,19,patriciadupuis@cohen.fr,Toulouse
Stéphane Germain,23,genevieve13@schmitt.fr,Bordeaux
Frédérique Buisson-François,23,bernadettejacob@legrand.com,Bordeaux
Élodie Grenier-Garcia,18,francoiselefevre@noos.fr,Lille
Thibault Renaud,22,smonnier@laposte.net,Paris
Claudine Gilles,19,gaudinfrederique@blot.com,Paris
Alexandrie Loiseau,20,jguyon@david.fr,Nice
Maryse Simon-Bouchet,22,jrodriguez@marchal.com,Lille
Andrée Barre,22,clairedupont@charpentier.com,Nice
Jacqueline Rivière,20,ines23@orange.fr,Toulouse
Nathalie Peron,25,rousseauaime@meunier.fr,Nantes
Vincent de Leroux,25,flucas@free.fr,Toulouse
Renée Humbert,19,rochertheodore@gmail.com,Marseille
Vincent-Laurent Klein,18,ymary@vallet.fr,Paris
Diane Pierre,20,aroyer@nicolas.fr,Lille
